ESTADO;CIDADE;NR_CANDIDATO;CARGO;NM_CANDIDATO;NM_URNA_CANDIDATO;SG_PARTIDO;GENERO;GRAU_INSTRUCAO;COR_RACA
MG;CÓRREGO DANTA;70;PREFEITO;EDNEI MARTINS DE MATOS;EDNEI;AVANTE;MASCULINO;ENSINO FUNDAMENTAL COMPLETO;BRANCA
SP;TREMEMBÉ;25007;VEREADOR;ANA ALICE TEODORO;ANA TEODORO;PRD;FEMININO;ENSINO FUNDAMENTAL INCOMPLETO;NÃO INFORMADO
AM;URUCURITUBA;23789;VEREADOR;LUCIANA BARBOSA DE SOUZA CRISTO;LUCIANA SOUZA;CIDADANIA;FEMININO;ENSINO MÉDIO COMPLETO;PARDA
SP;SÃO PAULO;55001;VEREADOR;PAULO SUSSUMU KOBAYASHI;EMBAIXADOR PAULO KOBAYASHI;PSD;MASCULINO;SUPERIOR COMPLETO;AMARELA
MG;ASTOLFO DUTRA;22022;VEREADOR;VANIR GONÇALVESDE OLIVEIRA;VAIR DO LIBÓRIO;PL;MASCULINO;ENSINO FUNDAMENTAL INCOMPLETO;BRANCA
MG;SANTA LUZIA;40540;VEREADOR;LUZIANA ROCHA ASSIS;LUZIANA;PSB;FEMININO;ENSINO MÉDIO COMPLETO;PARDA
SC;ARAQUARI;25222;VEREADOR;JAQUELINE APARECIDA DE RAMOS;JAQUE DO ARAQUARI NEWS;PRD;FEMININO;ENSINO MÉDIO INCOMPLETO;BRANCA
CE;MARACANAÚ;33580;VEREADOR;ABÍAS FLORENCIO BEZERRA;ABÍAS BEZERRA;MOBILIZA;MASCULINO;ENSINO MÉDIO COMPLETO;INDÍGENA
MA;PENALVA;15007;VEREADOR;ABISAI DE OLIVEIRA SOUSA;ABISAI;MDB;MASCULINO;ENSINO MÉDIO COMPLETO;PARDA
SP;IRACEMÁPOLIS;55;VICE-PREFEITO;DENISE CALICE MARTIN;DENISE CALICE;PSD;FEMININO;SUPERIOR COMPLETO;BRANCA
GO;DAVINÓPOLIS;20;PREFEITO;VANUSA APARECIDA BENTO GOMES;VANUSA;PODE;FEMININO;ENSINO MÉDIO COMPLETO;BRANCA
MG;CORDISLÂNDIA;10000;VEREADOR;ÂNGELO AUGUSTO FELIZARDO TAVARES;GUTO DA ROSINHA;REPUBLICANOS;MASCULINO;SUPERIOR COMPLETO;BRANCA
SP;CRUZEIRO;22;PREFEITO;JOSE KLEBER LIMA SILVEIRA JUNIOR;KLEBER SILVEIRA;PL;MASCULINO;SUPERIOR COMPLETO;BRANCA
RJ;RIO DAS FLORES;27123;VEREADOR;BRENO FRANÇA DA ROCHA;BRENO FRANÇA;DC;MASCULINO;SUPERIOR COMPLETO;BRANCA
AM;AMATURÁ;45369;VEREADOR;LACIEL ANDRADE GONÇALVES;LACIEL ANDRADE;PSDB;MASCULINO;ENSINO MÉDIO COMPLETO;INDÍGENA
SP;SÃO VICENTE;12212;VEREADOR;CLÁUDIA ANGÉLICA ROCHA;CLAUDIA ROCHA;PDT;FEMININO;ENSINO FUNDAMENTAL COMPLETO;BRANCA
TO;ALMAS;11011;VEREADOR;GABRIEL QUINTANILHA DE CERQUEIRA LOPES;GABRIEL LOPES;PP;MASCULINO;ENSINO MÉDIO COMPLETO;BRANCA
MG;ITABIRA;18888;VEREADOR;RICARDO DE FREITAS ROSA;RICARDO FREITAS;REDE;MASCULINO;SUPERIOR COMPLETO;PARDA
SC;ALTO BELA VISTA;22442;VEREADOR;CASSIANO MARTINAZZO;CASSIANO MARTINAZZO;PL;MASCULINO;SUPERIOR COMPLETO;BRANCA
SP;RIBEIRÃO CORRENTE;44630;VEREADOR;CLAUDIO RODRÍGUES NEVES;PILOTO;UNIÃO;MASCULINO;ENSINO FUNDAMENTAL INCOMPLETO;PARDA
SE;SÃO MIGUEL DO ALEIXO;23000;VEREADOR;JOSÉ VALDEIRTON DAS GRAÇAS;VAL DE AIRTON;CIDADANIA;MASCULINO;SUPERIOR COMPLETO;PARDA
SE;SÃO DOMINGOS;11555;VEREADOR;KELI CRISTINA SANTOS FONSECA;KELI DE MANOEL;PP;FEMININO;ENSINO MÉDIO COMPLETO;PARDA
MG;ARAPONGA;23123;VEREADOR;ELTON RODRIGUES LIMA;ELTON DE TAQUINHA;CIDADANIA;MASCULINO;SUPERIOR COMPLETO;PARDA
PE;BOM CONSELHO;11111;VEREADOR;ANDERSON ALAN GOMES VANDERLEY;ALANZINHO DA BARRA;PP;MASCULINO;ENSINO FUNDAMENTAL COMPLETO;BRANCA
MG;CAIANA;15000;VEREADOR;FERNANDA VERONICA MENDONÇA DA SILVA;FERNANDA DO SAMPAIO;MDB;FEMININO;ENSINO MÉDIO INCOMPLETO;BRANCA
SP;MONGAGUÁ;30123;VEREADOR;CARLOS EDUARDO HUBNER DE OLIVEIRA;BUBBY;NOVO;MASCULINO;SUPERIOR COMPLETO;BRANCA
RO;CACOAL;22224;VEREADOR;LÍDIA MARIA DA SILVA;LÍDIA MARIA;PL;FEMININO;SUPERIOR COMPLETO;PARDA
MT;LAMBARI D'OESTE;10777;VEREADOR;FABIO DOS SANTOS MIRANDA;FABIO DO MASTER;REPUBLICANOS;MASCULINO;ENSINO MÉDIO COMPLETO;PARDA
BA;CONCEIÇÃO DO JACUÍPE;70666;VEREADOR;ELISANGELA RODRIGUES DOS SANTOS;LIU DO POVO;AVANTE;FEMININO;ENSINO MÉDIO COMPLETO;PARDA
MG;PIEDADE DE PONTE NOVA;45555;VEREADOR;LEONARDO GUILHERME;LEO CARTEIRO;PSDB;MASCULINO;SUPERIOR COMPLETO;PARDA
ES;COLATINA;20333;VEREADOR;ANTONIO CARLOS DE SOUZA;ANTÔNIO GUARÁ;PODE;MASCULINO;ENSINO FUNDAMENTAL INCOMPLETO;PARDA
SC;VIDEIRA;11022;VEREADOR;RICARDO BERNARDI;KOCA;PP;MASCULINO;ENSINO MÉDIO COMPLETO;BRANCA
TO;BARROLÂNDIA;43333;VEREADOR;NUBIA MARIA CAVALCANTE DA SILVA;NÚBIA CAVALCANTE;PV;FEMININO;ENSINO MÉDIO COMPLETO;BRANCA
PA;ORIXIMINÁ;44789;VEREADOR;MAISE GUIMARÃES SOUZA;MAISE GUIMARÃES;UNIÃO;FEMININO;ENSINO MÉDIO COMPLETO;PARDA
TO;FIGUEIRÓPOLIS;65222;VEREADOR;MARIA ELZA RIBEIRO DE MATOS;ELZINHA;PC do B;FEMININO;ENSINO FUNDAMENTAL INCOMPLETO;BRANCA
SP;BIRITIBA MIRIM;55888;VEREADOR;TATIANE SILVA DE LARA;TATI DO ZÉ BAIANO;PSD;FEMININO;LÊ E ESCREVE;PARDA
RS;CHARQUEADAS;45777;VEREADOR;SUZANE LINDNER LARA;SUZANE LINDNER LARA;PSDB;FEMININO;SUPERIOR COMPLETO;BRANCA
PR;MARIALVA;27200;VEREADOR;ADRIANO DE ALCANTARA;ADRIANO DE ALCÂNTARA;DC;MASCULINO;ENSINO FUNDAMENTAL COMPLETO;BRANCA
MS;BELA VISTA;11244;VEREADOR;BRAZ ARIEL RUIZ DIAZ VERON;BRAZ RUIZ;PP;MASCULINO;ENSINO MÉDIO COMPLETO;PARDA
SC;RIO NEGRINHO;15555;VEREADOR;CELIO ROBERTO ALVES;CELIO ALVES;MDB;MASCULINO;ENSINO MÉDIO COMPLETO;BRANCA
SC;ITAJAÍ;20610;VEREADOR;RUBENS CAMILO PACHECO;RUBENS PACHECO;PODE;MASCULINO;SUPERIOR INCOMPLETO;BRANCA
MG;TAIOBEIRAS;45614;VEREADOR;SILVANO FERREIRA;SILVANO DA LAGOA;PSDB;MASCULINO;ENSINO FUNDAMENTAL COMPLETO;BRANCA
PR;RONCADOR;11222;VEREADOR;RENATO SLOBOJA;RENATO SLOBOJA;PP;MASCULINO;ENSINO FUNDAMENTAL COMPLETO;BRANCA
MA;MATINHA;44123;VEREADOR;LOURIVAL CUTRIM GOMES;LORINHO  DE ITANS;UNIÃO;MASCULINO;ENSINO FUNDAMENTAL INCOMPLETO;BRANCA
SC;ANITA GARIBALDI;45333;VEREADOR;GABRIELA RAFFO DA SILVA;GABRIELA RAFFO;PSDB;FEMININO;ENSINO MÉDIO COMPLETO;PARDA
PR;PIÊN;33456;VEREADOR;KELVIN LUAN DE BASTOS;KELVINHO;MOBILIZA;MASCULINO;ENSINO MÉDIO COMPLETO;BRANCA
SP;ITANHAÉM;28087;VEREADOR;JOSENILTON GONZAGA DOS SANTOS;NILTON GONZAGA;PRTB;MASCULINO;ENSINO MÉDIO COMPLETO;BRANCA
MG;IBIÁ;15000;VEREADOR;RONDOMAR DOS REIS;VEREADOR RONDOMAR;MDB;MASCULINO;ENSINO FUNDAMENTAL COMPLETO;PARDA
MG;SENADOR MODESTINO GONÇALVES;70777;VEREADOR;LÚCIA APARECIDA SANTOS;LÚCIA DA SAÚDE;AVANTE;FEMININO;ENSINO MÉDIO COMPLETO;PARDA
RS;GUAPORÉ;25022;VEREADOR;ADIR CARLESSO;CARLESSO;PRD;MASCULINO;SUPERIOR COMPLETO;BRANCA
PR;BOCAIÚVA DO SUL;55200;VEREADOR;CLAUDINEI RODRIGUES DE CASTRO;FAISKA;PSD;MASCULINO;ENSINO FUNDAMENTAL COMPLETO;BRANCA
MA;SÃO JOÃO BATISTA;15789;VEREADOR;ROSYELLY BASTOS FERREIRA;PIÁ;MDB;FEMININO;ENSINO MÉDIO COMPLETO;PARDA
MG;LUMINÁRIAS;44555;VEREADOR;ODAIR JOSÉ CORREA;ODAIR DA PADARIA;UNIÃO;MASCULINO;ENSINO MÉDIO COMPLETO;BRANCA
SP;ORINDIÚVA;11333;VEREADOR;MARIA HELENA GONÇALVES BARBOSA BORGES;MARIA HELENA GONÇALVES;PP;FEMININO;ENSINO MÉDIO COMPLETO;PARDA
BA;MUTUÍPE;45111;VEREADOR;VALMIR FREITAS DOS SANTOS;BUZU DO DOMINÓ;PSDB;MASCULINO;ENSINO FUNDAMENTAL INCOMPLETO;PARDA
SP;LENÇÓIS PAULISTA;11789;VEREADOR;VALDIVINO MIGUEL BARBOSA;VALDEVINO MIGUEL;PP;MASCULINO;ENSINO MÉDIO COMPLETO;PARDA
BA;TAPIRAMUTÁ;45555;VEREADOR;DAIANE LIMA DOS SANTOS TOURINHO;DAIANE DE DR MÁRIO;PSDB;FEMININO;SUPERIOR COMPLETO;PRETA
RN;RIACHUELO;55123;VEREADOR;GRACILIANO BELCHIOR DE MEDEIROS;GRACILIANO BELCHIOR;PSD;MASCULINO;ENSINO MÉDIO COMPLETO;BRANCA
MG;BETIM;11999;VEREADOR;MARTA DO CARMO SOARES;PASTORA MARTA;PP;FEMININO;SUPERIOR COMPLETO;PARDA
MG;ITAJUBÁ;55100;VEREADOR;MARIA INES DOS SANTOS;INÊS DO XODOZINHO ;PSD;FEMININO;ENSINO MÉDIO COMPLETO;BRANCA
MG;CONCEIÇÃO DO MATO DENTRO;11789;VEREADOR;WANDER ROSA DE SANTANA;WANDER DO LAIN;PP;MASCULINO;ENSINO MÉDIO COMPLETO;PARDA
MG;DESCOBERTO;33555;VEREADOR;PAULO ROBERTO BARBOZA;PAULO BARBOZA;MOBILIZA;MASCULINO;ENSINO MÉDIO COMPLETO;BRANCA
SP;LOUVEIRA;55000;VEREADOR;CLAUDENILDO GOMES DA CRUZ;NILDO REDENÇÃO;PSD;MASCULINO;ENSINO MÉDIO COMPLETO;PARDA
SP;RIO CLARO;11123;VEREADOR;ADRIANO LA TORRE;ADRIANO LA TORRE;PP;MASCULINO;ENSINO MÉDIO COMPLETO;BRANCA
MA;SÃO LUÍS;45021;VEREADOR;GEOVANA MORENO FONSECA;GEOVANA MORENO;PSDB;FEMININO;SUPERIOR COMPLETO;BRANCA
GO;MORRINHOS;30999;VEREADOR;ENALDO AMERICO DO CARMO;ENALDO CORRÔ;NOVO;MASCULINO;LÊ E ESCREVE;BRANCA
SP;SÃO JOAQUIM DA BARRA;23023;VEREADOR;EURIPEDES BARCENULFO RISSATTO;ORIPINHO DO AUTO ESCOLA;CIDADANIA;MASCULINO;ENSINO MÉDIO COMPLETO;BRANCA
RS;POUSO NOVO;20666;VEREADOR;CARLOS ALBERTO POZZEBON;CARLINHOS;PODE;MASCULINO;ENSINO FUNDAMENTAL INCOMPLETO;BRANCA
MG;ITACARAMBI;10456;VEREADOR;GERALDO ANTONIO RAMOS PEREIRA;CHAN MECANICO;REPUBLICANOS;MASCULINO;ENSINO MÉDIO COMPLETO;PARDA
BA;SEBASTIÃO LARANJEIRAS;40111;VEREADOR;ANÍSIO SOUZA BRITO NETO;FERREIRINHA;PSB;MASCULINO;SUPERIOR COMPLETO;BRANCA
MT;SÃO JOSÉ DO RIO CLARO;30678;VEREADOR;MARIA EDUARDA SANTANA DE ASSIS;DUDA ASSIS;NOVO;FEMININO;SUPERIOR INCOMPLETO;PARDA
SP;TANABI;44444;VEREADOR;CAIO HENRIQUE GARRUTI TORATTI;CAIO GARRUTI;UNIÃO;MASCULINO;SUPERIOR COMPLETO;BRANCA
BA;SÃO SEBASTIÃO DO PASSÉ;11123;VEREADOR;SERGIO SACRAMENTO DOS SANTOS;SERGIO SACRAMENTO;PP;MASCULINO;ENSINO MÉDIO COMPLETO;PARDA
SP;MONTEIRO LOBATO;25321;VEREADOR;MAYARA DE OLIVEIRA PINTO;MAYARA OLIVEIRA;PRD;FEMININO;ENSINO MÉDIO COMPLETO;BRANCA
SP;SÃO BERNARDO DO CAMPO;77454;VEREADOR;NEUSA RODRIGUES SILVA;NEUSA RODRIGUES;SOLIDARIEDADE;FEMININO;ENSINO FUNDAMENTAL COMPLETO;PARDA
SP;ENGENHEIRO COELHO;15515;VEREADOR;JARDEL COUY CAIRES;JARDEL CAIRES;MDB;MASCULINO;SUPERIOR COMPLETO;BRANCA
PA;OURILÂNDIA DO NORTE;11000;VEREADOR;SILVANA MARIA SOUZA DUARTE;SILVANA DO PA MARIA PRETA;PP;FEMININO;ENSINO MÉDIO COMPLETO;BRANCA
AM;MANAUS;23;VICE-PREFEITO;NANCY CASTRO SEGADILHA;NANCY SEGADILHA;CIDADANIA;FEMININO;SUPERIOR COMPLETO;BRANCA
MG;VAZANTE;11222;VEREADOR;CLENIO CORREA DE ANDRADE;CLÊNIO CORREA;PP;MASCULINO;ENSINO MÉDIO COMPLETO;PARDA
SP;MAUÁ;22251;VEREADOR;GIVANALDO MOTA SILVA;NADO ORONET;PL;MASCULINO;ENSINO FUNDAMENTAL INCOMPLETO;PARDA
SP;CARDOSO;25123;VEREADOR;JOÃO BATISTA ALVES DE LIMA;JOÃOZINHO CABELEIREIRO;PRD;MASCULINO;ENSINO MÉDIO COMPLETO;PARDA
RO;SÃO MIGUEL DO GUAPORÉ;44429;VEREADOR;MAGNALDO ROQUE DE QUEIROZ;TETE ROQUE;UNIÃO;MASCULINO;ENSINO MÉDIO COMPLETO;PARDA
RJ;SÃO GONÇALO;55022;VEREADOR;BEATRIZ PESSOA NEVES DA SILVA;BEATRIZ NEVES;PSD;FEMININO;ENSINO MÉDIO COMPLETO;PARDA
MG;CAETÉ;10010;VEREADOR;WELLESLEY FERREIRA COELHO;LELEY FERREIRA ;REPUBLICANOS;MASCULINO;ENSINO MÉDIO COMPLETO;BRANCA
RS;SÃO BORJA;25999;VEREADOR;AILSON DOS SANTOS CARVALHO;TEN CARVALHO;PRD;MASCULINO;ENSINO MÉDIO COMPLETO;BRANCA
RS;PELOTAS;15555;VEREADOR;ANGELA ALVES LESSER;ANGELA DO ESQUENTA;MDB;FEMININO;ENSINO FUNDAMENTAL INCOMPLETO;BRANCA
SE;ARACAJU;77291;VEREADOR;JEANE MICHELE SANTOS GOMES;MICHELE DO AUTISMO;SOLIDARIEDADE;FEMININO;ENSINO MÉDIO COMPLETO;PARDA
SP;ITARIRI;15123;VEREADOR;CARLOS EDUARDO CORREA DE ANDRADE;CARLOS EDUARDO;MDB;MASCULINO;ENSINO MÉDIO COMPLETO;BRANCA
AM;PAUINI;44444;VEREADOR;KEVIN CARLOS VILAÇA DE AMORIM;ENGENHEIRO KEVIN VILAÇA;UNIÃO;MASCULINO;SUPERIOR COMPLETO;PARDA
MG;ITAÚ DE MINAS;77107;VEREADOR;ELIANA MARIA DOMINGOS FERNANDES;ELIANA DO CONSELHO;SOLIDARIEDADE;FEMININO;SUPERIOR COMPLETO;BRANCA
PB;SOUSA;18;VICE-PREFEITO;YASMIN GONÇALVES DANTAS;YASMIN GONÇALVES;REDE;FEMININO;SUPERIOR INCOMPLETO;BRANCA
MG;GOVERNADOR VALADARES;25222;VEREADOR;LAURO CESAR SOARES CASSINI;LAURO CASSINI;PRD;MASCULINO;SUPERIOR INCOMPLETO;BRANCA
SP;COTIA;10000;VEREADOR;LINCOLN EMILIO PALUMBO FAGUNDES JUNIOR;LINCOLN JUNIOR;REPUBLICANOS;MASCULINO;ENSINO MÉDIO INCOMPLETO;BRANCA
SC;SÃO JOÃO BATISTA;22333;VEREADOR;ALUISIO BOOZ;ALUISIO BOOZ;PL;MASCULINO;ENSINO MÉDIO COMPLETO;BRANCA
GO;JESÚPOLIS;22777;VEREADOR;FLÁVIO FERREIRA MAIA;FLÁVIO MAIA;PL;MASCULINO;SUPERIOR COMPLETO;BRANCA
MG;NOVA SERRANA;13026;VEREADOR;JEFFERSON ADRIANO GOMES E SILVA;JEFFERSON FURACÃO;PT;MASCULINO;SUPERIOR COMPLETO;BRANCA
SP;SÃO JOÃO DA BOA VISTA;77777;VEREADOR;CLEUZA BORDIN QUEIROZ DA SILVA;CLEUZA QUEIROZ;SOLIDARIEDADE;FEMININO;SUPERIOR COMPLETO;BRANCA
SP;AREIAS;10022;VEREADOR;CELIA MARIA MADEIRA COSTA;CÉLIA MADEIRA;REPUBLICANOS;FEMININO;ENSINO MÉDIO COMPLETO;BRANCA
AC;RIO BRANCO;22111;VEREADOR;SANDRAK PEREIRA DA SILVA;SANDRO TREME CAR;PL;MASCULINO;ENSINO MÉDIO COMPLETO;PARDA
PA;PACAJÁ;11115;VEREADOR;MOISES DE FRANÇA SOUZA;MOISES SOUZA;PP;MASCULINO;ENSINO FUNDAMENTAL COMPLETO;BRANCA
SP;RIFAINA;55777;VEREADOR;CIRONE DA SILVA;CIRONE CISSA;PSD;FEMININO;ENSINO MÉDIO INCOMPLETO;BRANCA
SP;NOVA ALIANÇA;70007;VEREADOR;JOSÉ LEONCIO BATISTA CAMARGO;ZÉ LEÔNCIO;AVANTE;MASCULINO;SUPERIOR COMPLETO;BRANCA
AM;NOVO ARIPUANÃ;11555;VEREADOR;VALMIR DOVAL MARTINS;VALMIR DOVAL;PP;MASCULINO;ENSINO FUNDAMENTAL COMPLETO;PARDA
PR;GRANDES RIOS;15345;VEREADOR;MARIA FLORES CORREA;FLOR;MDB;FEMININO;SUPERIOR COMPLETO;BRANCA
MG;ITAÚNA;50420;VEREADOR;JULIA SOARES DE FREITAS TELES;JU SOARES;PSOL;FEMININO;SUPERIOR COMPLETO;BRANCA
CE;AQUIRAZ;27777;VEREADOR;ALEXSON MOREIRA LEMOS;ALEX DA VANUZIA;DC;MASCULINO;ENSINO MÉDIO COMPLETO;BRANCA
SC;SÃO FRANCISCO DO SUL;25025;VEREADOR;TADEU BRANCO PEREIRA;TADEU BRANCO BIG;PRD;MASCULINO;SUPERIOR COMPLETO;BRANCA
PE;RECIFE;55222;VEREADOR;ELLINSON JOSE FERREIRA DE LIMA;ELLINSSON RODOVIÁRIO;PSD;MASCULINO;ENSINO MÉDIO COMPLETO;PRETA
MS;AQUIDAUANA;45444;VEREADOR;CELIO FRANCELINO FIALHO;CACIQUE CELIO;PSDB;MASCULINO;SUPERIOR COMPLETO;INDÍGENA
MG;ALFENAS;27555;VEREADOR;GILMARA FRANCISCA DA SILVA;GILMARA DA CRECHE;DC;FEMININO;SUPERIOR COMPLETO;BRANCA
SP;TEODORO SAMPAIO;10000;VEREADOR;ALEXANDRE APARECIDO DE SOUZA;ALEXANDRE DE SOUZA;REPUBLICANOS;MASCULINO;SUPERIOR COMPLETO;PRETA
GO;EDEALINA;12222;VEREADOR;MILTON PINTO DE URZEDA;MILTON PINTO;PDT;MASCULINO;ENSINO FUNDAMENTAL COMPLETO;PARDA
RS;PELOTAS;40999;VEREADOR;SHEILA APARECIDA DE CAMPOS;SHEILA DA FARMACIA;PSB;FEMININO;ENSINO MÉDIO COMPLETO;BRANCA
SC;GARUVA;55055;VEREADOR;SHEYLA CRISTINA CHAVES;DRA. SHEYLA CHAVES;PSD;FEMININO;SUPERIOR COMPLETO;BRANCA
PR;IRATI;10100;VEREADOR;GENILTON ANTONIO RODRIGUES;GENILTON (ABENÇOADO);REPUBLICANOS;MASCULINO;ENSINO FUNDAMENTAL INCOMPLETO;BRANCA
SP;JUNDIAÍ;36254;VEREADOR;ADILSON APARECIDO DE SÁ;ADILSON SÁ;AGIR;MASCULINO;ENSINO MÉDIO COMPLETO;PARDA
RJ;ANGRA DOS REIS;77515;VEREADOR;FABIO JOSE JERONIMO;FABÃO ENFERMEIRO DE PLANTÃO;SOLIDARIEDADE;MASCULINO;SUPERIOR COMPLETO;BRANCA
RS;MARIANA PIMENTEL;40444;VEREADOR;LUCAS DARSKI BATTOCHIA;LUCÃO;PSB;MASCULINO;ENSINO MÉDIO COMPLETO;BRANCA
SP;PEDRO DE TOLEDO;55777;VEREADOR;ANGELA DA CONCEIÇÃO BEZERRA;ANGELA APOLONIO;PSD;FEMININO;ENSINO MÉDIO COMPLETO;BRANCA
MG;URUCUIA;33133;VEREADOR;VERA LUCIA DOS SANTOS GANDRA;VERA DA SAÚDE;MOBILIZA;FEMININO;ENSINO MÉDIO COMPLETO;BRANCA
MG;MARIANA;18021;VEREADOR;ANGELA MARIA DO CARMO COELHO;ANGELA MARIA;REDE;FEMININO;ENSINO FUNDAMENTAL INCOMPLETO;PARDA
SC;LAGUNA;55330;VEREADOR;ALZIRA DA SILVA MACHADO MARTINS;PROFESSORA ALZIRA;PSD;FEMININO;SUPERIOR COMPLETO;BRANCA
MG;NOVO ORIENTE DE MINAS;40666;VEREADOR;ABRAAO ALVES DA SILVA;ABRAÃO DO AÇOUGUE;PSB;MASCULINO;ENSINO FUNDAMENTAL INCOMPLETO;PARDA
SP;CORONEL MACEDO;44250;VEREADOR;JANETE DE ALMEIDA;JANETE DO AVON;UNIÃO;FEMININO;ENSINO FUNDAMENTAL INCOMPLETO;PRETA
MG;CARBONITA;15555;VEREADOR;VERODIANE APARECIDA SANTOS;VERÔ DA POP;MDB;FEMININO;ENSINO MÉDIO COMPLETO;PRETA
PE;SÃO JOAQUIM DO MONTE;45555;VEREADOR;RICARDO JEFFERSON DOS SANTOS;RICARDO JEFFERSON;PSDB;MASCULINO;SUPERIOR COMPLETO;PARDA
PA;TRAIRÃO;25131;VEREADOR;MARINILDO DE SOUZA ROBERTINO;MARINILDO DO PIMENTAL;PRD;MASCULINO;LÊ E ESCREVE;INDÍGENA
MG;MACHACALIS;44744;VEREADOR;MARIA MARTA CORDEIRO DOS SANTOS;MARTA DE CANGAIA;UNIÃO;FEMININO;ENSINO MÉDIO INCOMPLETO;PRETA
SP;SERRA AZUL;11222;VEREADOR;FERNANDA MEDEIROS;FERNANDA MEDEIROS;PP;FEMININO;SUPERIOR COMPLETO;BRANCA
PB;CONDE;18882;VEREADOR;RIZELDA NASCIMENTO SILVA;RIZELDA;REDE;FEMININO;ENSINO MÉDIO COMPLETO;PARDA
PI;BERTOLÍNIA;15000;VEREADOR;MARCOS ANTONIO DOS SANTOS;MARCOS CANGURU;MDB;MASCULINO;ENSINO FUNDAMENTAL COMPLETO;PRETA
MG;ERVÁLIA;11222;VEREADOR;GILBERTO LOPES DE ASSIS;BETÃO;PP;MASCULINO;ENSINO MÉDIO COMPLETO;PARDA
SE;ILHA DAS FLORES;44333;VEREADOR;JOSEBERTO CALIXTO VASCONCELOS;VELA CALIXTO;UNIÃO;MASCULINO;ENSINO MÉDIO INCOMPLETO;BRANCA
PA;CAPANEMA;15;VICE-PREFEITO;MARCELO PIERRE RIMES ACACIO;MARCELO PIERRE;REPUBLICANOS;MASCULINO;SUPERIOR COMPLETO;BRANCA
SP;PERUÍBE;22;VICE-PREFEITO;ANDERSON FABIANO PUPO FERNANDES;CABO ANDERSON;PL;MASCULINO;SUPERIOR COMPLETO;PARDA
BA;FEIRA DE SANTANA;15777;VEREADOR;VALNEI PEDREIRA DA COSTA BRITO;VALNEI BRITO;MDB;MASCULINO;ENSINO MÉDIO COMPLETO;PRETA
PE;CABO DE SANTO AGOSTINHO;35123;VEREADOR;JOSE ALDO VIANA;NATAL BIKE;PMB;MASCULINO;ENSINO MÉDIO COMPLETO;BRANCA
SP;CUNHA;10258;VEREADOR;LUIZ CLÁUDIO CARVALHO LOPES;XUXA;REPUBLICANOS;MASCULINO;ENSINO FUNDAMENTAL INCOMPLETO;BRANCA
BA;ACAJUTIBA;15555;VEREADOR;EDELZA DE MORAES MENDES;EDELZA DA ÓTICA;MDB;FEMININO;ENSINO MÉDIO COMPLETO;PARDA
SP;DRACENA;33222;VEREADOR;JOSÉ AUGUSTO DE ARAÚJO;ZÉ FENOMENO;MOBILIZA;MASCULINO;ENSINO MÉDIO COMPLETO;PARDA
MG;RIO CASCA;11;PREFEITO;RAIMUNDO ALBERTO GOMES;RAIMUNDO DA FARMACIA;PP;MASCULINO;ENSINO MÉDIO COMPLETO;BRANCA
MG;BAMBUÍ;36007;VEREADOR;CAIO VASCOONCELOS RABELO;CAIO RABELO;AGIR;MASCULINO;ENSINO MÉDIO COMPLETO;BRANCA
SC;SALETE;22;VICE-PREFEITO;JOSE TADEU TENFEN;TADEU TENFEN;PL;MASCULINO;SUPERIOR COMPLETO;BRANCA
AL;BOCA DA MATA;11;PREFEITO;BRUNO FEIJÓ TEIXEIRA;BRUNO FEIJÓ;PP;MASCULINO;SUPERIOR COMPLETO;PARDA
BA;OLINDINA;55666;VEREADOR;SÉRGIO SERINO DA SILVA;SÉRGIO DA SAÚDE;PSD;MASCULINO;ENSINO MÉDIO COMPLETO;PARDA
MT;LUCAS DO RIO VERDE;22022;VEREADOR;LUCIO DE OLIVEIRA FERNANDES;LUCIO FERNANDES;PL;MASCULINO;ENSINO MÉDIO COMPLETO;BRANCA
RN;BOM JESUS;44555;VEREADOR;FRANCISCO DAS CHAGAS DOS SANTOS;NEGUINHO DE CHICA PÓ;UNIÃO;MASCULINO;ENSINO MÉDIO INCOMPLETO;PRETA
BA;MIGUEL CALMON;25888;VEREADOR;VALDA MANUELA ROSA DE AMORIM;MANU DE VADINHA;PRD;FEMININO;SUPERIOR COMPLETO;PRETA
PR;ARAPONGAS;35700;VEREADOR;TARCIZO GARDINO DE OLIVEIRA;TARCIZO ABENÇOADO FEIRANTE;PMB;MASCULINO;ENSINO FUNDAMENTAL COMPLETO;BRANCA
BA;EUNÁPOLIS;77888;VEREADOR;VALTER BARRETO SANTOS;VALTER DA SAÚDE;SOLIDARIEDADE;MASCULINO;ENSINO MÉDIO COMPLETO;PARDA
RJ;RIO DE JANEIRO;10190;VEREADOR;ELITUSALEM GOMES DE FREITAS;MAJOR ELITUSALÉM;REPUBLICANOS;MASCULINO;SUPERIOR COMPLETO;PARDA
ES;MANTENÓPOLIS;43123;VEREADOR;EDSON NEY NETO;EDINHO;PV;MASCULINO;ENSINO MÉDIO COMPLETO;PARDA
SC;PESCARIA BRAVA;11015;VEREADOR;JAISSON CASTRO DE SOUZA;JAISSON;PP;MASCULINO;ENSINO MÉDIO COMPLETO;BRANCA
PR;PORTO BARREIRO;13444;VEREADOR;GELSON DOS SANTOS;KIKO DO MICA;PT;MASCULINO;LÊ E ESCREVE;PRETA
PB;JUAREZ TÁVORA;20111;VEREADOR;EDUARDO LUIZ BARROS DE FRANÇA;CABELUDO;PODE;MASCULINO;ENSINO FUNDAMENTAL COMPLETO;PARDA
MG;ITURAMA;22290;VEREADOR;JOSÉ ANTÔNIO SOARES;MIXIRICA DO POVO;PL;MASCULINO;ENSINO MÉDIO INCOMPLETO;PARDA
MG;ALFENAS;13633;VEREADOR;WALDEVINO GERALDO FREDERICO;GERALDO CEM POR CENTO;PT;MASCULINO;ENSINO FUNDAMENTAL COMPLETO;PRETA
SP;RIBEIRÃO DO SUL;11210;VEREADOR;MARCELO FRANCISCO BARBOZA;MARCELO DA OTICA;PP;MASCULINO;ENSINO MÉDIO COMPLETO;BRANCA
RS;SEDE NOVA;13013;VEREADOR;MARIO JOSE WILLERS;PROFESSOR MARIO;PT;MASCULINO;SUPERIOR COMPLETO;BRANCA
RO;CACOAL;11180;VEREADOR;ANA LUCIA DA SILVA;LUCIA DA ICARAIMA;PP;FEMININO;ENSINO MÉDIO COMPLETO;PRETA
SP;ILHABELA;22122;VEREADOR;MARIA JOSÉ DA CONCEIÇÃO;MARIA DO REINO;PL;FEMININO;ENSINO MÉDIO COMPLETO;PRETA
PR;SÃO JOÃO DO IVAÍ;10111;VEREADOR;DAIANE APARECIDA REINALDO;DAY KASISKI;REPUBLICANOS;FEMININO;ENSINO FUNDAMENTAL COMPLETO;BRANCA
BA;RIACHÃO DAS NEVES;43333;VEREADOR;CLAUDIO BARBOSA DO NASCIMENTO;PROFESSOR CLAUDIO BARBOSA;PV;MASCULINO;SUPERIOR COMPLETO;PARDA
RS;ENTRE-IJUÍS;15678;VEREADOR;LUCIANA APARECIDA GONÇALVES DE SOUZA;LU DA VACINA;MDB;FEMININO;ENSINO MÉDIO COMPLETO;BRANCA
PA;BELÉM;28090;VEREADOR;CARLOS EDUARDO DA SILVA PEREIRA;CARLOS PEREIRA;PRTB;MASCULINO;SUPERIOR COMPLETO;PARDA
RJ;SÃO JOÃO DA BARRA;44140;VEREADOR;MÁGUILA LESLA SOUZA DA SILVA MORAES;MÁGUILA DO ACORDA AÇÚ;UNIÃO;FEMININO;ENSINO MÉDIO COMPLETO;BRANCA
RS;PASSA SETE;22688;VEREADOR;MARIVANE RODRIGUES DA SILVA;MARY RODRIGUES;PL;FEMININO;SUPERIOR COMPLETO;PARDA
MG;MORRO DA GARÇA;15230;VEREADOR;MARCOS VINICIUS DE OLIVEIRA SANTOS;MARQUINHO DE BRANCO;MDB;MASCULINO;ENSINO MÉDIO INCOMPLETO;PARDA
SP;CARAPICUÍBA;50565;VEREADOR;RAPHAEL RAMIRO CORDEIRO RAMOS DA SILVA;RAPHAEL DA ADEGA;PSOL;MASCULINO;SUPERIOR COMPLETO;BRANCA
MG;PRUDENTE DE MORAIS;77747;VEREADOR;DARLAN JOSÉ BARBOSA FERREIRA;DARLAN DE PATRICIA;SOLIDARIEDADE;MASCULINO;ENSINO FUNDAMENTAL COMPLETO;PRETA
RS;MULITERNO;12444;VEREADOR;CLEOMIR PITTON;CLEOMIR GRINGO;PDT;MASCULINO;ENSINO FUNDAMENTAL COMPLETO;BRANCA
PB;ITABAIANA;45111;VEREADOR;ALISTERRE TAVARES DE SOUZA;DR. ALISTERRE;PSDB;MASCULINO;SUPERIOR COMPLETO;PARDA
RO;NOVA MAMORÉ;44777;VEREADOR;EDSON DA SILVA FERNANDES;GORDINHO DO FRETE;UNIÃO;MASCULINO;ENSINO FUNDAMENTAL INCOMPLETO;PARDA
PR;CAMPO MAGRO;11777;VEREADOR;FABIOLA REGINA FERREIRA MACHADO;FABIOLA FILHA DO SEU FLÁVIO;PP;FEMININO;SUPERIOR INCOMPLETO;PRETA
MG;CORAÇÃO DE JESUS;22135;VEREADOR;FERNANDA MARTINS FERREIRA VASCONCELOS;FERNANDA DE BOY;PL;FEMININO;ENSINO MÉDIO COMPLETO;PARDA
RS;PRESIDENTE LUCENA;15678;VEREADOR;ROQUE FERREIRA NECKEL;ROQUE NECKEL;MDB;MASCULINO;ENSINO FUNDAMENTAL COMPLETO;BRANCA
GO;RIO VERDE;22024;VEREADOR;MAXWELL SILVA GOMES;MAXWELL GOMES;PL;MASCULINO;SUPERIOR COMPLETO;PARDA
PE;SALGUEIRO;13111;VEREADOR;JOAO CARLOS SOBRINHO;JOÃO GOTINHA;PT;MASCULINO;ENSINO FUNDAMENTAL COMPLETO;PARDA
PA;MUANÁ;13;PREFEITO;SEBASTIÃO CONCEIÇÃO MARTINS;SABÁ DO PT;PT;MASCULINO;ENSINO MÉDIO COMPLETO;PARDA
PR;TAMBOARA;15111;VEREADOR;LUIS GUILHERME GARCIA PEREIRA;LUIS GUILHERME DA FORNET;MDB;MASCULINO;ENSINO MÉDIO COMPLETO;BRANCA
SE;POÇO VERDE;44111;VEREADOR;JOSE LUCIANO ARAÚJO;LUCIANO DO PT;UNIÃO;MASCULINO;ENSINO MÉDIO COMPLETO;PARDA
CE;MARANGUAPE;40777;VEREADOR;DIEGO ANDERSON MENDES DE CASTRO;DIEGO CASTRO;PSB;MASCULINO;SUPERIOR COMPLETO;PARDA
SP;ITU;12456;VEREADOR;GILVANETE DOMINGOS FERREIRA DE ALMEIDA;GIL DA SAÚDE;PDT;FEMININO;ENSINO FUNDAMENTAL COMPLETO;PARDA
GO;VICENTINÓPOLIS;15222;VEREADOR;VALDIR MALHEIRO DA SILVA;VALDIR DO AR;MDB;MASCULINO;SUPERIOR COMPLETO;PRETA
CE;FORTALEZA;25005;VEREADOR;CAIO NUNES GADELHA LOPES;CAIO GADELHA;PRD;MASCULINO;SUPERIOR COMPLETO;BRANCA
PI;PICOS;65000;VEREADOR;JOSÉ FABIANO DE OLIVEIRA;FABIANO OLIVEIRA;PC do B;MASCULINO;ENSINO FUNDAMENTAL COMPLETO;PARDA
PA;SANTARÉM;23234;VEREADOR;MARIA JOSE SILVA DE SOUSA;IRMÃ MARIA;CIDADANIA;FEMININO;ENSINO FUNDAMENTAL INCOMPLETO;PARDA
MG;SÃO JOAQUIM DE BICAS;11111;VEREADOR;SEBASTIÃO CUSTODIO DE SOUSA;TIÃO DO POVO;PP;MASCULINO;ENSINO FUNDAMENTAL INCOMPLETO;PARDA
MG;ITAJUBÁ;11111;VEREADOR;FELIPE DIEGO DA SILVA MOTTA;FELIPE MOTTA ;PP;MASCULINO;ENSINO MÉDIO COMPLETO;BRANCA
ES;VENDA NOVA DO IMIGRANTE;44000;VEREADOR;ROSIMERE CHRISTO BERUDE ALVES;MERINHA BERUDE;UNIÃO;FEMININO;ENSINO FUNDAMENTAL COMPLETO;PARDA
MG;BOM JESUS DA PENHA;55100;VEREADOR;CÁSSIO JUNIOR ARAUJO DE OLIVEIRA;CASSIO DENTISTA;PSD;MASCULINO;SUPERIOR COMPLETO;BRANCA
SP;MAUÁ;13113;VEREADOR;MARIA APARECIDA DE SOUZA MAIA;CIDA MAIA;PT;FEMININO;SUPERIOR COMPLETO;BRANCA
SP;CRUZÁLIA;44556;VEREADOR;SANDRA REGINA DOS SANTOS SILVA;SANDRA SANTOS;UNIÃO;FEMININO;ENSINO MÉDIO COMPLETO;BRANCA
PE;CUMARU;55055;VEREADOR;MARGARIDA MARIA BEZERRA SILVA;MARGARIDA DE CAMPOS VELHOS;PSD;FEMININO;ENSINO FUNDAMENTAL COMPLETO;PRETA
SP;SÃO PAULO;15456;VEREADOR;SANDRA CRISTINA LEITE SANTANA;SANDRA SANTANA;MDB;FEMININO;SUPERIOR COMPLETO;BRANCA
SP;PIRACICABA;27173;VEREADOR;PAULO RICARDO SGARBIERO;DR PAULO RICARDO;DC;MASCULINO;SUPERIOR COMPLETO;BRANCA
TO;COLMÉIA;15345;VEREADOR;CREONE PEREIRA SEVERINO;CREONE DA MARILIA;MDB;MASCULINO;ENSINO FUNDAMENTAL COMPLETO;PARDA
MT;NOVA MUTUM;25000;VEREADOR;SILVIO FACCIO;SILVIO FACCIO;PRD;MASCULINO;SUPERIOR COMPLETO;BRANCA
SP;PIRATININGA;22190;VEREADOR;CARLOS ALBERTO SILVA JUNIOR;SOLDADO CARLOS JUNIOR;PL;MASCULINO;SUPERIOR COMPLETO;PARDA
PE;GOIANA;11369;VEREADOR;RISALI PATRICIA DA SILVA;PATRICIA DA FARMÁCIA;PP;FEMININO;ENSINO MÉDIO COMPLETO;PRETA
PR;TAPEJARA;13222;VEREADOR;CLAUDENIR ALVES DE MORAIS;CHUPETA DO ESPORTE;PT;MASCULINO;ENSINO FUNDAMENTAL COMPLETO;PARDA
RJ;NOVA FRIBURGO;10224;VEREADOR;EDINÉIA  PATRÍCIA DE ANDRADE ALVES;PATRÍCIA ALVES;REPUBLICANOS;FEMININO;ENSINO MÉDIO INCOMPLETO;BRANCA
SC;CUNHATAÍ;15678;VEREADOR;VILMAR ANDRÉ BRANDÃO;VILMAR;MDB;MASCULINO;SUPERIOR COMPLETO;BRANCA
PE;PETROLINA;12000;VEREADOR;AEROLANDE AMOS DA CRUZ;AERO SIM;PDT;MASCULINO;SUPERIOR INCOMPLETO;BRANCA
MG;CLÁUDIO;20500;VEREADOR;JULIO CESAR SILVA DE REZENDE;JULIO REZENDE;PODE;MASCULINO;ENSINO MÉDIO COMPLETO;PARDA
SE;SANTO AMARO DAS BROTAS;77777;VEREADOR;MARCIO DOS SANTOS CRUZ;MARCIO GHUINCHOS;SOLIDARIEDADE;MASCULINO;ENSINO FUNDAMENTAL COMPLETO;PARDA
PE;TAMANDARÉ;10;PREFEITO;ISAIAS HONORATO DA SILVA MARQUES;CARRAPICHO;REPUBLICANOS;MASCULINO;ENSINO FUNDAMENTAL INCOMPLETO;PRETA
PA;IPIXUNA DO PARÁ;65555;VEREADOR;GILCINEY LIMA E SILVA;NEINHO LIMA;PC do B;MASCULINO;ENSINO FUNDAMENTAL COMPLETO;PARDA
SC;BARRA VELHA;35142;VEREADOR;ROSENO RODRIGUES CARDOSO;ZENO DA FIGUEIRINHA;PMB;MASCULINO;ENSINO FUNDAMENTAL COMPLETO;PRETA
MA;SÍTIO NOVO;11;PREFEITO;ZEIMAR TEIXEIRA DE ARRUDA MACIEL;ZEIMAR TEIXEIRA;PP;FEMININO;SUPERIOR COMPLETO;BRANCA
SC;TIMBÉ DO SUL;22022;VEREADOR;PETAR NETTO AMARO;PETER;PL;MASCULINO;ENSINO FUNDAMENTAL COMPLETO;BRANCA
MG;SERRANOS;11888;VEREADOR;ANTÔNIO CASSIANO PEREIRA;TONINHO PRUDENTE;PP;MASCULINO;ENSINO FUNDAMENTAL INCOMPLETO;BRANCA
SP;PRAIA GRANDE;22192;VEREADOR;JOSÉ UILTON NASCIMENTO DOS SANTOS;ATLETA JOSÉ UILTON;PL;MASCULINO;SUPERIOR INCOMPLETO;PARDA
PR;PITANGUEIRAS;44;VICE-PREFEITO;RONALDO ADRIANO SILVA;MANJUBA;UNIÃO;MASCULINO;ENSINO MÉDIO COMPLETO;BRANCA
RS;TORRES;44888;VEREADOR;CINTIA VIEIRA ALONSO;CINTIA;UNIÃO;FEMININO;ENSINO MÉDIO COMPLETO;PRETA
SP;GUARULHOS;33147;VEREADOR;ANISTALDO LUIZ LOPES DA SILVA;PR ANISTALDO;MOBILIZA;MASCULINO;SUPERIOR COMPLETO;BRANCA
AL;JACUÍPE;15000;VEREADOR;SUZINEY MOREIRA CAVALCANTI DA SILVA;PROFESSORA SUZINEY;MDB;FEMININO;SUPERIOR COMPLETO;BRANCA
AL;INHAPI;43;PREFEITO;JOÃO ROSALVO DA SILVA;JOÃOZINHO PAIVA;PV;MASCULINO;ENSINO FUNDAMENTAL COMPLETO;PARDA
MG;LIMA DUARTE;30999;VEREADOR;JESSICA APARECIDA DA SILVA;JESSICA SILVA;NOVO;FEMININO;ENSINO MÉDIO COMPLETO;BRANCA
SP;GENERAL SALGADO;55678;VEREADOR;VAGNER JOSÉ DOS SANTOS;VAGNER PROFESSOR;PSD;MASCULINO;SUPERIOR COMPLETO;PARDA
MG;RIO NOVO;11222;VEREADOR;FABIANO ARAUJO RODRIGUES;FABIANO;PP;MASCULINO;ENSINO MÉDIO COMPLETO;PRETA
AM;PRESIDENTE FIGUEIREDO;30;PREFEITO;ANDERSON RODRIGUES LEAL DE MELO;ANDERSON LEAL;NOVO;MASCULINO;SUPERIOR COMPLETO;BRANCA
CE;CAMOCIM;13555;VEREADOR;FRANCISCO ATAIDE ARAUJO DA SILVA;ATAÍDE DA CLEMENTE CONSTRUÇÕES;PT;MASCULINO;SUPERIOR COMPLETO;BRANCA
CE;TIANGUÁ;40040;VEREADOR;JOSÉ MARIA DE ALBUQUERQUE;ZÉ MARIA ALBUQUERQUE;PSB;MASCULINO;ENSINO MÉDIO COMPLETO;BRANCA
BA;SÍTIO DO QUINTO;70234;VEREADOR;JOSÉ MOISÉS DE CARVALHO;PROF. MOISÉS;AVANTE;MASCULINO;SUPERIOR COMPLETO;PARDA
CE;PIRES FERREIRA;11111;VEREADOR;JOSÉ MAURÍCIO SAMPAIO XIMENES;KIKO MOTOS;PP;MASCULINO;ENSINO MÉDIO COMPLETO;BRANCA
SC;ZORTÉA;13113;VEREADOR;MARIAN CONCEIÇÃO SANTOS VIEIRA;MARIAN VIEIRA;PT;FEMININO;SUPERIOR COMPLETO;PARDA
MG;ITANHOMI;44111;VEREADOR;JOAREZ ANDRÉ CAETANO;JOAREZ CAETANO;UNIÃO;MASCULINO;ENSINO MÉDIO COMPLETO;PARDA
SP;SÃO CARLOS;20111;VEREADOR;ALESSANDRO SERRA QUEIROZ;ALE SERRA;PODE;MASCULINO;ENSINO MÉDIO COMPLETO;BRANCA
PR;COLORADO;20222;VEREADOR;CLAUDINEI MESSIAS DA SILVA;NEY DO FRIGORÍFICO;PODE;MASCULINO;ENSINO FUNDAMENTAL COMPLETO;BRANCA
SE;NOSSA SENHORA DAS DORES;20;VICE-PREFEITO;GERIVALDO FERREIRA DA SILVA;FERREIRA ;PP;MASCULINO;ENSINO MÉDIO COMPLETO;PARDA
GO;NOVA CRIXÁS;25333;VEREADOR;WANDYSCLE RIBEIRO DA SILVA;WANDYSCLÉ RIBEIRO;PRD;MASCULINO;ENSINO MÉDIO COMPLETO;PARDA
PA;INHANGAPI;44177;VEREADOR;EDERLANI MEIRELES DE SANTANA;EDERLANI SANTANA;UNIÃO;FEMININO;ENSINO MÉDIO COMPLETO;PARDA
BA;SALVADOR;70001;VEREADOR;BENÍCIO DOS SANTOS DA PUREZA;BENÍCIO PUREZA;AVANTE;MASCULINO;ENSINO MÉDIO COMPLETO;PRETA
MG;BRÁS PIRES;13555;VEREADOR;MARIA DO CARMO SOUZA DE PAIVA;DUCARMO DA MALACACHETA;PT;FEMININO;ENSINO MÉDIO COMPLETO;BRANCA
RS;DILERMANDO DE AGUIAR;10333;VEREADOR;REIMAR GONÇALVES CEZAR;NENEGO;REPUBLICANOS;MASCULINO;ENSINO MÉDIO INCOMPLETO;PARDA
BA;SEABRA;13113;VEREADOR;MARCIA APARECIDA FERREIRA DE SOUZA;MARCIA AMADA;PT;FEMININO;SUPERIOR COMPLETO;INDÍGENA
RS;VIAMÃO;45106;VEREADOR;DILAMAR DE JESUS SILVA;DILAMAR;PSDB;MASCULINO;SUPERIOR COMPLETO;BRANCA
RS;MATO LEITÃO;22122;VEREADOR;MARCELO ALVES;MARCELO ALVES;PL;MASCULINO;ENSINO MÉDIO COMPLETO;BRANCA
PE;SÃO JOSÉ DA COROA GRANDE;55333;VEREADOR;ENILDE LIMA OLIVEIRA;ENILDE DA COLONIA;PSD;FEMININO;ENSINO MÉDIO COMPLETO;PARDA
MG;CAXAMBU;25035;VEREADOR;RONE MORAIS SILVA;RONE SÓ BENÇÃO;PRD;MASCULINO;ENSINO MÉDIO COMPLETO;PARDA
SP;ITAQUAQUECETUBA;12123;VEREADOR;NILO FERNANDES DA CUNHA;NILO FERNANDES;PDT;MASCULINO;ENSINO MÉDIO COMPLETO;PARDA
MG;SARZEDO;28077;VEREADOR;RAQUEL FERREIRA DE OLIVEIRA;RAQUEL OLIVER;PRTB;FEMININO;ENSINO MÉDIO COMPLETO;PARDA
AM;RIO PRETO DA EVA;10444;VEREADOR;MARIA DO PERPETUO SOCORRO DOS SANTOS ARAÚJO;ARQUITETA SOL ARAÚJO;REPUBLICANOS;FEMININO;SUPERIOR COMPLETO;PARDA
BA;CONCEIÇÃO DO JACUÍPE;70122;VEREADOR;EMERSON SANTOS SILVA;EMERSON DO BESSA;AVANTE;MASCULINO;ENSINO MÉDIO COMPLETO;PRETA
PR;SANTO ANTÔNIO DA PLATINA;44500;VEREADOR;SANDRA PEREIRA DA COSTA;SANDRINHA SALÃO;UNIÃO;FEMININO;ENSINO FUNDAMENTAL COMPLETO;BRANCA
GO;CORUMBÁ DE GOIÁS;40777;VEREADOR;CLEYTON FERNANDES DE OLIVEIRA;CLEYTINHO DA TEIXEIRA;PSB;MASCULINO;ENSINO MÉDIO COMPLETO;BRANCA
GO;CORUMBAÍBA;12345;VEREADOR;JORGE ELIAS PEREIRA DE ALMEIDA;JORGE ELIAS TERÇO DOS HOMENS;PDT;MASCULINO;ENSINO MÉDIO COMPLETO;BRANCA
MG;TIMÓTEO;23500;VEREADOR;GABRIELE DOS REIS SILVA;GABRIELE REIS;CIDADANIA;FEMININO;ENSINO MÉDIO COMPLETO;PARDA
PE;ÁGUAS BELAS;13555;VEREADOR;JAYANNE GAMA BEZERRA;JAYANNE ENFERMEIRA;PT;FEMININO;SUPERIOR COMPLETO;BRANCA
PE;RECIFE;22;PREFEITO;GILSON MACHADO GUIMARÃES NETO;GILSON MACHADO;PL;MASCULINO;SUPERIOR COMPLETO;BRANCA
MG;FRANCISCO DUMONT;70111;VEREADOR;EUCLIDES NUNES AZEVEDO FILHO;EUCLIDES AZEVEDO;AVANTE;MASCULINO;ENSINO FUNDAMENTAL COMPLETO;BRANCA
BA;SOBRADINHO;55556;VEREADOR;EDSON CARDOSO DOS SANTOS;CACHOEIRA DO BOLO;PSD;MASCULINO;ENSINO FUNDAMENTAL INCOMPLETO;BRANCA
AL;INHAPI;12123;VEREADOR;WELLINGTON SILVA MENESES FREIRE;DICO DE ORLANDO;PDT;MASCULINO;ENSINO MÉDIO COMPLETO;BRANCA
MG;CONTAGEM;77033;VEREADOR;MARCOS RODRIGUES GOMES;PASTOR MARCOS;SOLIDARIEDADE;MASCULINO;ENSINO MÉDIO COMPLETO;PARDA
SP;AREIAS;10123;VEREADOR;EDSON REZENDE RODRIGUES;EDINHO DA VAN;REPUBLICANOS;MASCULINO;ENSINO FUNDAMENTAL COMPLETO;PARDA
MG;JUIZ DE FORA;40256;VEREADOR;RENATO FERNANDES DA SILVA;RENATO CHINELINHO;PSB;MASCULINO;ENSINO MÉDIO COMPLETO;BRANCA
CE;MARANGUAPE;12369;VEREADOR;OSVALDO LIMA DE ABREU NETO;OSVALDO ABREU;PDT;MASCULINO;ENSINO MÉDIO COMPLETO;PARDA
SP;PENÁPOLIS;15321;VEREADOR;GILBERTO DE ALMEIDA RODRIGUES;GIBA FRETES;MDB;MASCULINO;ENSINO MÉDIO COMPLETO;PARDA
PE;TAMANDARÉ;55678;VEREADOR;ALBERTO MENDES DA LUZ;ALBERTO DE SAUÉ;PSD;MASCULINO;ENSINO MÉDIO COMPLETO;PARDA
MG;NANUQUE;45123;VEREADOR;BRUNA GOMES PEREIRA;BRUNA GOMES;PSDB;FEMININO;SUPERIOR INCOMPLETO;PARDA
SP;POTIM;12489;VEREADOR;REGINA CELIA TOMAZ REIS;REGINA REIS;PDT;FEMININO;ENSINO FUNDAMENTAL COMPLETO;PARDA
AL;LAGOA DA CANOA;11333;VEREADOR;LUCIVÂNIA FERREIRA LIMA;LUCIVÂNIA LIMA;PP;FEMININO;SUPERIOR COMPLETO;PRETA
SC;CAPÃO ALTO;44123;VEREADOR;MILTON CESAR DE OLIVEIRA;MILTON;UNIÃO;MASCULINO;ENSINO FUNDAMENTAL COMPLETO;BRANCA
PB;SÃO SEBASTIÃO DE LAGOA DE ROÇA;45690;VEREADOR;JOSÉ VENÂNCIO;ZÉ DE MANÚ;PSDB;MASCULINO;LÊ E ESCREVE;PARDA
PR;TUNEIRAS DO OESTE;25222;VEREADOR;ORLANDO MARTINS BOTELHO;ORLANDO DA FARMACIA;PRD;MASCULINO;ENSINO MÉDIO COMPLETO;BRANCA
PE;LAJEDO;40222;VEREADOR;MARIA ADRIANA DE SOUZA;ADRIANA DO POÇO;PSB;FEMININO;ENSINO MÉDIO COMPLETO;PARDA
MG;HELIODORA;55133;VEREADOR;VALDIR BUENO DE SOUZA;VALDIR BUENO;PSD;MASCULINO;ENSINO FUNDAMENTAL INCOMPLETO;BRANCA
RN;SERRA NEGRA DO NORTE;13333;VEREADOR;ERALDO ALVES DE ARAÚJO;ERALDO;PT;MASCULINO;ENSINO MÉDIO COMPLETO;BRANCA
MS;SONORA;20888;VEREADOR;EDIMILSON FERNANDES DE OLIVEIRA;EDIMILSON FERNADES;PODE;MASCULINO;ENSINO MÉDIO COMPLETO;PARDA
MG;IPATINGA;15155;VEREADOR;PATRICIA GONCALVES DE FARIA;PATRICIA FARIA;MDB;FEMININO;SUPERIOR INCOMPLETO;BRANCA
PE;SALGUEIRO;10001;VEREADOR;JOSÉ CARLOS DE CARVALHO PARENTE;ZÉ CARLOS;REPUBLICANOS;MASCULINO;ENSINO MÉDIO COMPLETO;PARDA
MG;LUISBURGO;70321;VEREADOR;ROSILENE ALBERGARIA DA SILVA;ROSA DA ESCOLA;AVANTE;FEMININO;ENSINO MÉDIO COMPLETO;PARDA
MA;TIMON;15456;VEREADOR;JOSÉ NILTON ARAÚJO DE SOUSA;JOSÉ NILTON;MDB;MASCULINO;ENSINO FUNDAMENTAL COMPLETO;PARDA
MG;ALÉM PARAÍBA;25234;VEREADOR;GERALDO ELIO PEREIRA;ELINHO;PRD;MASCULINO;SUPERIOR COMPLETO;PARDA
MA;BARRA DO CORDA;15678;VEREADOR;PAULO COSTA SILVA;PAULINHO SILVA;MDB;MASCULINO;ENSINO FUNDAMENTAL INCOMPLETO;PARDA
MG;MARTINHO CAMPOS;22500;VEREADOR;RENATA FABIANY DE MEDEIROS;RENATINHA;PL;FEMININO;SUPERIOR COMPLETO;BRANCA
BA;SALVADOR;12342;VEREADOR;CLAUDIO EMANOEL PINHEIRO AMORIM;CLAUDIO AMORIM;PDT;MASCULINO;SUPERIOR INCOMPLETO;PARDA
AL;MURICI;11999;VEREADOR;MARIA EDJANE BELO DA SILVA;EDJANE;PP;FEMININO;ENSINO MÉDIO COMPLETO;INDÍGENA
RS;BOSSOROCA;45467;VEREADOR;ELIS REGINA CASTRO SANABRE;REGINA SANABRE;PSDB;FEMININO;ENSINO FUNDAMENTAL COMPLETO;BRANCA
BA;JEREMOABO;10333;VEREADOR;JOSE NILSON GONCALVES DE JESUS;TULIO DO COENTRO;REPUBLICANOS;MASCULINO;ENSINO MÉDIO INCOMPLETO;PRETA
AP;MACAPÁ;43123;VEREADOR;ELUARD RANGEL SOUZA DOS SANTOS;ELUARD RANGEL;PV;MASCULINO;SUPERIOR COMPLETO;BRANCA
SP;CASTILHO;10333;VEREADOR;FLÁVIA FERNANDES DO NASCIMENTO SANTOS;FLAVIA FERNANDES;REPUBLICANOS;FEMININO;ENSINO MÉDIO COMPLETO;PARDA
SP;PEDREGULHO;22580;VEREADOR;CARLOS ALBERTO BERNARDES;CB CARLOS BERNARDES;PL;MASCULINO;SUPERIOR COMPLETO;BRANCA
MA;COROATÁ;22777;VEREADOR;FRANCISCO DE ASSIS MOTA OLIVEIRA;AMARELINHO;PL;MASCULINO;ENSINO MÉDIO COMPLETO;AMARELA
PI;CORRENTE;11611;VEREADOR;ANA CRISTINA NOGUEIRA DE OLIVEIRA;ANA CRISTINA;PP;FEMININO;SUPERIOR COMPLETO;PARDA
PR;LONDRINA;10147;VEREADOR;ALEXANDRE FERREIRA DA SILVA;TIKINHO;REPUBLICANOS;MASCULINO;SUPERIOR COMPLETO;PRETA
MG;UBERLÂNDIA;10777;VEREADOR;GISELE OKUHARA CAMPOS;GISELE OKUHARA;REPUBLICANOS;FEMININO;SUPERIOR COMPLETO;BRANCA
BA;PIRIPÁ;55000;VEREADOR;EDILENE SILVA SANTOS PINHEIRO;DILLA DO ESPORTE;PSD;FEMININO;ENSINO FUNDAMENTAL COMPLETO;PARDA
RR;SÃO JOÃO DA BALIZA;20777;VEREADOR;CLAUDIR JOSÉ KRUTLI;CLAUDIR KRUTLI;PODE;MASCULINO;ENSINO MÉDIO COMPLETO;BRANCA
PE;FLORESTA;15222;VEREADOR;HENRIQUE GOMINHO FERRAZ;CORONEL HENRIQUE;MDB;MASCULINO;SUPERIOR COMPLETO;BRANCA
RS;ALVORADA;27246;VEREADOR;JOSÉ DAMIÃO DOS SANTOS;ZÉ DA ARCA;DC;MASCULINO;ENSINO FUNDAMENTAL INCOMPLETO;PARDA
PR;GOIOERÊ;55055;VEREADOR;JARDERSON SENA SALES;JADERSON SENA;PSD;MASCULINO;ENSINO MÉDIO INCOMPLETO;PARDA
PE;VICÊNCIA;11200;VEREADOR;JOSÉ AUGUSTO DA SILVA;AUGUSTO DA RÁDIO;PP;MASCULINO;ENSINO MÉDIO COMPLETO;PARDA
MA;PEDRO DO ROSÁRIO;11111;VEREADOR;IOLETE TEIXEIRA SERRA;IOLETE SERRA;PP;FEMININO;ENSINO MÉDIO COMPLETO;PARDA
PR;MATINHOS;22000;VEREADOR;EVERSON GONCALVES;MAKA;PL;MASCULINO;ENSINO MÉDIO COMPLETO;PARDA
MG;IPATINGA;18888;VEREADOR;ELAINE CRISTINA BICALHO MAIA;PROFESSORA ELAINE  BICALHO;REDE;FEMININO;SUPERIOR COMPLETO;BRANCA
PI;TERESINA;55555;VEREADOR;VINICIO RONDINELLE FERREIRA MAGALHÃES;VINICIO FERREIRA;PSD;MASCULINO;SUPERIOR COMPLETO;PARDA
SP;MOGI MIRIM;10444;VEREADOR;RODOLFO RODRIGUES DA CONCEIÇÃO;RODOLFO RODRIGUES;REPUBLICANOS;MASCULINO;ENSINO MÉDIO COMPLETO;PRETA
PE;SANHARÓ;40222;VEREADOR;JOSÉ NILSON NUNES ALMEIDA;ZÉ NILSON;PSB;MASCULINO;ENSINO MÉDIO COMPLETO;PARDA
BA;IBITIARA;77000;VEREADOR;MARIA ROSA DE OLIVEIRA SILVA;BIA DE TOSTÃO;SOLIDARIEDADE;FEMININO;ENSINO FUNDAMENTAL COMPLETO;PARDA
MG;FRONTEIRA DOS VALES;70;PREFEITO;NEUDSON CANGUSSU ARAUJO;NEUDSON CANGUSSU;AVANTE;MASCULINO;SUPERIOR COMPLETO;PARDA
SP;ITIRAPINA;25125;VEREADOR;UZELITA DE ALMEIDA JORGE;MISSIONÁRIA UZELITA;PRD;FEMININO;ENSINO FUNDAMENTAL COMPLETO;BRANCA
BA;AURELINO LEAL;50111;VEREADOR;MARIA ALDA RIBEIRO DOS SANTOS;ALDA DO ACM;PSOL;FEMININO;ENSINO MÉDIO COMPLETO;PRETA
RS;GENERAL CÂMARA;11911;VEREADOR;LUISA SCHWUCHOW DE SOUSA;LUISA SCHWUCHOW;PP;FEMININO;ENSINO MÉDIO COMPLETO;BRANCA
BA;VERA CRUZ;27000;VEREADOR;DIJALMA VIEIRA DOS SANTOS;MORENINHO;DC;FEMININO;ENSINO MÉDIO INCOMPLETO;PARDA
PI;CASTELO DO PIAUÍ;12321;VEREADOR;CLAUDENÍSIO ALVES SOBRINHO;ANÍSIO PATO;PDT;MASCULINO;ENSINO MÉDIO COMPLETO;BRANCA
BA;COCOS;55888;VEREADOR;ERICK BUNGE PEREIRA;ERICK BUNGE;PSD;MASCULINO;SUPERIOR COMPLETO;PARDA
RS;CANDELÁRIA;40100;VEREADOR;GILVAN DA SILVA MOURA;GILVAN MOURA;PSB;MASCULINO;ENSINO FUNDAMENTAL INCOMPLETO;BRANCA
SP;NOVA GRANADA;15608;VEREADOR;JOSE ANTONIO PEREIRA;ZÉ PEREIRA;MDB;MASCULINO;ENSINO MÉDIO COMPLETO;BRANCA
SP;UBARANA;44444;VEREADOR;MICHELE FERNANDA BASTOS;MICHELE BASTOS;UNIÃO;FEMININO;ENSINO MÉDIO COMPLETO;BRANCA
SP;DUMONT;10211;VEREADOR;ANA MARIA BARASINO;ANA BARASINO;REPUBLICANOS;FEMININO;ENSINO FUNDAMENTAL INCOMPLETO;BRANCA
BA;ALAGOINHAS;55565;VEREADOR;GILMARA CARDOSO DOS SANTOS;GIL CARDOSO;PSD;FEMININO;ENSINO MÉDIO COMPLETO;PARDA
SP;SÃO MANUEL;35282;VEREADOR;SOLANGE MARIA DA SILVA;SOLANGE TIA SOL;PMB;FEMININO;ENSINO FUNDAMENTAL INCOMPLETO;PRETA
SP;SUMARÉ;55777;VEREADOR;ANDERSON GOMES GABRIEL;DR ANDERSON;PSD;MASCULINO;SUPERIOR COMPLETO;BRANCA
SP;COROADOS;15;PREFEITO;ROBERTO CARVALHO PINTO;ROBERTINHO DA CAXIMBA;MDB;MASCULINO;SUPERIOR COMPLETO;BRANCA
RS;IBIRUBÁ;22100;VEREADOR;LENIR MORAES DO COUTO PREDIGER;LENIR MORAES DO COUTO PREDIGER;PL;FEMININO;ENSINO MÉDIO COMPLETO;BRANCA
SP;MARTINÓPOLIS;45777;VEREADOR;MARISA SANTOS DA MOTA;MARISA OVOS;PSDB;FEMININO;ENSINO MÉDIO INCOMPLETO;BRANCA
SC;SANTA TEREZINHA DO PROGRESSO;15123;VEREADOR;CASSEMIRO DA COSTA;CASSEMIRO DA COSTA;MDB;MASCULINO;ENSINO FUNDAMENTAL INCOMPLETO;PARDA
PE;LIMOEIRO;40000;VEREADOR;JACIEL DE MOURA PEREIRA;JACIEL DE JAIRO;PSB;MASCULINO;ENSINO MÉDIO COMPLETO;PARDA
SP;TUPI PAULISTA;45123;VEREADOR;JOSUE MATIAS;MATIAS DA RÁDIO;PSDB;MASCULINO;SUPERIOR INCOMPLETO;BRANCA
SP;AMPARO;20000;VEREADOR;JANDETE ROBERTO DOS SANTOS;JANDETE;PODE;FEMININO;LÊ E ESCREVE;PARDA
RN;IELMO MARINHO;15555;VEREADOR;MARIA DO SOCORRO SOARES;PROF SOCORRO SOARES;MDB;FEMININO;SUPERIOR COMPLETO;PARDA
RJ;SAPUCAIA;44222;VEREADOR;IZAETH RAMOS DOS SANTOS;IZAETH;UNIÃO;FEMININO;SUPERIOR COMPLETO;BRANCA
BA;FEIRA DE SANTANA;77666;VEREADOR;ADELSON MORAES DE MATOS;ADELSON DO ESCOVAL;SOLIDARIEDADE;MASCULINO;ENSINO MÉDIO COMPLETO;PRETA
BA;JAGUAQUARA;10789;VEREADOR;JOSÉ CARLOS SOARES CORTES;ZÉ DE LITA;REPUBLICANOS;MASCULINO;ENSINO MÉDIO COMPLETO;PARDA
RS;SÉRIO;20024;VEREADOR;ANDERSON PRIMAZ;ANDERSON PRIMAZ;PODE;MASCULINO;SUPERIOR INCOMPLETO;BRANCA
RN;PEDRA PRETA;15123;VEREADOR;ABRAÃO FELIPE DOS SANTOS;ABRAÃO;MDB;MASCULINO;ENSINO FUNDAMENTAL COMPLETO;PARDA
SC;OTACÍLIO COSTA;12777;VEREADOR;VALDECIR DE LIZ;VALDECIR DE LIZ - BOCA;PDT;MASCULINO;SUPERIOR COMPLETO;PARDA
MG;CARMÓPOLIS DE MINAS;44888;VEREADOR;LUCAS JOSÉ DOS SANTOS;LUCAS;UNIÃO;MASCULINO;SUPERIOR COMPLETO;PARDA
SE;TOBIAS BARRETO;11139;VEREADOR;ANDRÉ BATISTA DE FARIA;ANDRÉ DA ENFERMAGEM;PP;MASCULINO;ENSINO MÉDIO COMPLETO;PARDA
RS;PORTO ALEGRE;44279;VEREADOR;CRISTIANE DE CASTILHOS SCHAMES;NANI SCHAMES;UNIÃO;FEMININO;ENSINO FUNDAMENTAL COMPLETO;BRANCA
SP;RANCHARIA;45123;VEREADOR;ALEXANDRE ESTEVÃO SILVA DE ANDRADE;PROFESSOR XANDÃO;PSDB;MASCULINO;SUPERIOR COMPLETO;BRANCA
SP;NOVA ALIANÇA;55789;VEREADOR;IVANIR APARECIDA CHARPELETTI ZANONI;VANI ZANONI;PSD;FEMININO;ENSINO MÉDIO COMPLETO;BRANCA
PR;MUNHOZ DE MELO;55444;VEREADOR;SILVINA CREUSA RODRIGUES DA SILVA;IRMÃ CREUSA;PSD;FEMININO;ENSINO MÉDIO COMPLETO;PRETA
SP;SÃO CARLOS;11444;VEREADOR;TIAGO ORLANDI PARELLI;TIAGO PARELLI;PP;MASCULINO;ENSINO MÉDIO COMPLETO;BRANCA
SP;SÃO JOSÉ DO BARREIRO;13013;VEREADOR;JOSÉ ANTONIO FERREIRA;PANELA;PT;MASCULINO;ENSINO MÉDIO COMPLETO;BRANCA
SP;SANTA BRANCA;44333;VEREADOR;AGNALDO JOSE DE MOURA;AGNALDO TIBA;UNIÃO;MASCULINO;ENSINO MÉDIO INCOMPLETO;PRETA
PB;SALGADO DE SÃO FÉLIX;11357;VEREADOR;LUZIA DA SILVA NASCIMENTO;LUZIA DO COVÃO;PP;FEMININO;ENSINO MÉDIO COMPLETO;PARDA
MA;AÇAILÂNDIA;36120;VEREADOR;OZAIAS FEITOSA FARIAS;GRILO;AGIR;MASCULINO;ENSINO MÉDIO COMPLETO;PARDA
PE;JABOATÃO DOS GUARARAPES;11999;VEREADOR;MIGUEL ANTONIO DA SILVA;MIGUEL DE SOCORRO;PP;MASCULINO;ENSINO FUNDAMENTAL INCOMPLETO;PRETA
MT;BARRA DO GARÇAS;22999;VEREADOR;HIAGO TELES ALVES;HIAGO TELES;PL;MASCULINO;ENSINO MÉDIO COMPLETO;BRANCA
TO;ARRAIAS;10999;VEREADOR;JOIL ALVES DE ALMEIDA;JOIL;REPUBLICANOS;MASCULINO;ENSINO MÉDIO COMPLETO;PRETA
MG;ÁGUAS FORMOSAS;25444;VEREADOR;NATAL ALVES PEREIRA;NATAL ALVES PULO DO GATO;PRD;MASCULINO;ENSINO MÉDIO INCOMPLETO;PARDA
PR;ASTORGA;55234;VEREADOR;ALEX APARECIDO DE MOURA;ALEX DO BAR;PSD;MASCULINO;ENSINO MÉDIO COMPLETO;BRANCA
SP;POÁ;20120;VEREADOR;LARISSA APARECIDA MAESTRELLO MAIA;LARISSA MAIA;PODE;FEMININO;ENSINO MÉDIO COMPLETO;BRANCA
PR;SÃO JOSÉ DOS PINHAIS;13219;VEREADOR;ARIELA DOS SANTOS GOMES;ARIELA GOMES;PT;FEMININO;ENSINO FUNDAMENTAL INCOMPLETO;INDÍGENA
PE;CARNAÍBA;44111;VEREADOR;DALVACI FELIX DA SILVA;DALVA DA LAGOA DO CAROÁ;UNIÃO;FEMININO;ENSINO MÉDIO COMPLETO;BRANCA
SP;COSMÓPOLIS;15777;VEREADOR;EDUARDO PEREIRA SILVA;EDUARDO PEREIRA;MDB;MASCULINO;SUPERIOR COMPLETO;PARDA
SP;PIRASSUNUNGA;25123;VEREADOR;ADRIANO PEREZ CASAGRANDE;ADRIANO CASAGRANDE;PRD;MASCULINO;ENSINO MÉDIO COMPLETO;BRANCA
MS;LADÁRIO;44444;VEREADOR;ALEXANDRE ORICHUELA;ALEXANDRE ORICHUELA;UNIÃO;MASCULINO;SUPERIOR COMPLETO;PARDA
RJ;JAPERI;35567;VEREADOR;RUBEM IRIA DAMASCENO MACHADO;TIO RUBEM;PMB;MASCULINO;ENSINO MÉDIO INCOMPLETO;PRETA
AL;UNIÃO DOS PALMARES;13333;VEREADOR;EVERALDO FERREIRA DOS SANTOS;LELÉU;PT;MASCULINO;ENSINO MÉDIO COMPLETO;PARDA
RS;BENTO GONÇALVES;20222;VEREADOR;LUCIANO TREMARIN BANDEIRA;LUCIANO BANDEIRA;PODE;MASCULINO;SUPERIOR COMPLETO;BRANCA
PI;BAIXA GRANDE DO RIBEIRO;15123;VEREADOR;COSME EURICO GOMES DA SILVA;CUMPADE COSMO;MDB;MASCULINO;ENSINO FUNDAMENTAL COMPLETO;PARDA
PB;LAGOA DE DENTRO;77999;VEREADOR;SAMUEL BELARMINO DA SILVA;SAMUEL DE PIABAS;SOLIDARIEDADE;MASCULINO;ENSINO MÉDIO COMPLETO;PARDA
SE;ARAUÁ;10456;VEREADOR;JOSÉ GILVAN DO ROSARIO FONSECA;GILVAN DO PROGRESSO;REPUBLICANOS;MASCULINO;ENSINO MÉDIO INCOMPLETO;PARDA
PR;CONTENDA;28789;VEREADOR;ANTONIA AFONSO FERNANDES LATIF;ANTONIA FERNANDES;PRTB;FEMININO;LÊ E ESCREVE;PRETA
BA;HELIÓPOLIS;55777;VEREADOR;ROMILDA SANTANA SILVA;ROMILDA SANTANA;PSD;FEMININO;SUPERIOR INCOMPLETO;PARDA
MG;ANDRADAS;25678;VEREADOR;HENRIQUE CESAR NORONHA DE MELO;HENRIQUE BÉ;PRD;MASCULINO;SUPERIOR INCOMPLETO;BRANCA
AM;SANTO ANTÔNIO DO IÇÁ;10555;VEREADOR;ANTUNES RIBEIRO AUANARIO;ANTUNES RIBEIRO;REPUBLICANOS;MASCULINO;ENSINO FUNDAMENTAL INCOMPLETO;PARDA
AP;SERRA DO NAVIO;11369;VEREADOR;GLEICIANE DE SOUSA ALMEIDA;GLEICE;PP;FEMININO;ENSINO MÉDIO COMPLETO;BRANCA
GO;MONTES CLAROS DE GOIÁS;25222;VEREADOR;EMERSON MORAES DE OLIVEIRA;EMERSON MORAES;PRD;MASCULINO;ENSINO FUNDAMENTAL COMPLETO;BRANCA
SE;GRACCHO CARDOSO;44123;VEREADOR;JOSÉ CARLOS VIEIRA DOS SANTOS;PRETO DA GALINHA;UNIÃO;MASCULINO;ENSINO MÉDIO COMPLETO;BRANCA
MG;REDUTO;44111;VEREADOR;JOÃO PAULO RODRIGUES;JOÃO PAULO RODRIGUES;UNIÃO;MASCULINO;ENSINO FUNDAMENTAL COMPLETO;PARDA
MG;CORONEL PACHECO;20040;VEREADOR;LIDIANE FERNANDA MOREIRA;LIDIANE MOREIRA;PODE;FEMININO;ENSINO MÉDIO COMPLETO;PRETA
PE;MORENO;65555;VEREADOR;TAYNARA PEREIRA DA SILVA;DRA TAYNARA;PC do B;FEMININO;SUPERIOR COMPLETO;PARDA
TO;PALMAS;25000;VEREADOR;BRUNO SOUSA AZEVEDO;DELEGADO BRUNO AZEVEDO;PRD;MASCULINO;SUPERIOR COMPLETO;PARDA
MA;AXIXÁ;12174;VEREADOR;JOSÉ REINALDO MOTA PEREIRA;ZÉ REINALDO;PDT;MASCULINO;ENSINO MÉDIO COMPLETO;PARDA
ES;SANTA TERESA;11114;VEREADOR;ALINE BARBOSA DE FARIA SOUZA;ALINE DA EMPÓRIO;PP;FEMININO;ENSINO FUNDAMENTAL INCOMPLETO;BRANCA
SP;MACAUBAL;55333;VEREADOR;DOUGLAS HENRIQUE PRUDENCIO;DOUGLAS DA SAÚDE;PSD;MASCULINO;SUPERIOR COMPLETO;BRANCA
CE;CAMPOS SALES;40;VICE-PREFEITO;JOSE SOLANO FEITOSA;SOLANO FEITOSA;PSB;MASCULINO;SUPERIOR COMPLETO;PARDA
MG;ARINOS;15222;VEREADOR;ANTONIA PEREIRA DE SOUZA DAMACENO;ANTONIA DAMACENO;MDB;FEMININO;SUPERIOR COMPLETO;PRETA
PE;TEREZINHA;55999;VEREADOR;JOSÉ ERIVALDO CARVALHO DOS SANTOS;PAPALÉGUA;PSD;MASCULINO;ENSINO FUNDAMENTAL INCOMPLETO;PARDA
SP;SANTA BÁRBARA D'OESTE;10258;VEREADOR;ELIDÁRIA ALVES DE SOUZA;DÁRIA SOUZA;REPUBLICANOS;FEMININO;ENSINO MÉDIO COMPLETO;BRANCA
PI;MADEIRO;55111;VEREADOR;GILSON CARLOS COSTA SOUSA;GILSON;PSD;MASCULINO;ENSINO MÉDIO COMPLETO;PRETA
PR;FOZ DO IGUAÇU;43043;VEREADOR;YASMIN VICTORIA SOUZA HACHEM;YASMIN HACHEM;PV;FEMININO;SUPERIOR COMPLETO;BRANCA
MG;ABADIA DOS DOURADOS;70777;VEREADOR;CLEONICE TOMAZ DE OLIVEIRA RODOVALHO;CLEONICE TOMAZ;AVANTE;FEMININO;SUPERIOR COMPLETO;BRANCA
PE;SÃO LOURENÇO DA MATA;15111;VEREADOR;GILTON DUARTE GOMES;GILTON DUARTE;MDB;MASCULINO;ENSINO FUNDAMENTAL INCOMPLETO;PRETA
PR;CAMPO LARGO;45555;VEREADOR;JORGE LUIZ LOPES;JORGE LUIZ;PSDB;MASCULINO;ENSINO MÉDIO COMPLETO;BRANCA
TO;ARAGUANÃ;11222;VEREADOR;JUSSY JÚNIOR PINTO DA SILVA;JUNIOR BREGA;PP;MASCULINO;SUPERIOR COMPLETO;PARDA
SP;TEODORO SAMPAIO;10600;VEREADOR;PAULO SERGIO DE OLIVEIRA;PAULINHO DO PAO;REPUBLICANOS;MASCULINO;ENSINO MÉDIO COMPLETO;PRETA
MG;TAIOBEIRAS;44444;VEREADOR;LUCAS RIBEIRO DA SILVA;LUCAS RIBEIRO LOCUTOR;UNIÃO;MASCULINO;ENSINO MÉDIO COMPLETO;PARDA